id,first_name,last_name,email,gender
1,Waring,Dawltrey,wdawltrey0@nsw.gov.au,Male
2,Jacki,Ottam,jottam1@studiopress.com,Female
3,Marlie,Devigne,mdevigne2@google.com.au,Female
4,Augy,Pockey,apockey3@prnewswire.com,Male
5,Cletis,Zecchii,czecchii4@google.cn,Male
6,Axel,Mateja,amateja5@buzzfeed.com,Male
7,Con,Obispo,cobispo6@360.cn,Female
8,Tabby,Revans,trevans7@forbes.com,Male
9,Licha,Deely,ldeely8@slate.com,Female
10,Trey,Colrein,tcolrein9@1und1.de,Male
11,Wileen,Dutchburn,wdutchburna@chicagotribune.com,Female
12,Shawnee,Ahrens,sahrensb@psu.edu,Female
13,Kale,Tipper,ktipperc@dion.ne.jp,Male
14,Auberon,Backhouse,abackhoused@com.com,Male
15,Teressa,Mc Cahey,tmccaheye@sina.com.cn,Female
16,Anderson,Grenshiels,agrenshielsf@marriott.com,Male
17,Elihu,Donati,edonatig@craigslist.org,Male
18,Leonerd,Rathbone,lrathboneh@sphinn.com,Male
19,Elinore,Trethowan,etrethowani@icio.us,Female
20,Pepita,Leavy,pleavyj@stumbleupon.com,Female
21,Lucita,Samsonsen,lsamsonsenk@ibm.com,Female
22,Livvyy,Pawnsford,lpawnsfordl@merriam-webster.com,Female
23,Robers,Brader,rbraderm@symantec.com,Male
24,Hetty,Kadd,hkaddn@gizmodo.com,Female
25,Sebastian,Riggott,sriggotto@wordpress.org,Genderfluid
26,Burgess,Syder,bsyderp@accuweather.com,Male
27,Kelci,Moynihan,kmoynihanq@hostgator.com,Female
28,Whitaker,Abercromby,wabercrombyr@addtoany.com,Male
29,Lacie,Garnar,lgarnars@facebook.com,Female
30,Carry,Conichie,cconichiet@pen.io,Female
31,Kimble,Keele,kkeeleu@issuu.com,Male
32,Booth,Cowap,bcowapv@woothemes.com,Genderqueer
33,Maximilien,Please,mpleasew@bloomberg.com,Male
34,Torrin,Towson,ttowsonx@census.gov,Male
35,Leon,Enrico,lenricoy@newsvine.com,Agender
36,Cody,Michell,cmichellz@cdc.gov,Female
37,Siward,Sickert,ssickert10@gizmodo.com,Male
38,Rennie,Vanini,rvanini11@hhs.gov,Female
39,Shayna,Tolhurst,stolhurst12@plala.or.jp,Female
40,Beauregard,Bonavia,bbonavia13@stanford.edu,Male
41,Jeni,Glede,jglede14@youtube.com,Bigender
42,Karleen,Trunby,ktrunby15@nasa.gov,Female
43,Harlan,Brettel,hbrettel16@adobe.com,Genderfluid
44,Collette,McCooke,cmccooke17@nhs.uk,Female
45,Normy,Rudland,nrudland18@tinypic.com,Agender
46,Riannon,Masterson,rmasterson19@fda.gov,Non-binary
47,Channa,Kydde,ckydde1a@newsvine.com,Female
48,Geri,Faldo,gfaldo1b@sogou.com,Male
49,Benji,Lowen,blowen1c@cbc.ca,Male
50,Remus,Brunger,rbrunger1d@wiley.com,Male
51,Sonja,Balogun,sbalogun1e@booking.com,Female
52,Lindsey,Pinck,lpinck1f@washingtonpost.com,Male
53,Kerry,Durrant,kdurrant1g@wisc.edu,Male
54,Lefty,Boggis,lboggis1h@canalblog.com,Male
55,Sharron,Halford,shalford1i@cafepress.com,Female
56,Boyd,Malec,bmalec1j@seesaa.net,Male
57,Linet,Housiaux,lhousiaux1k@ow.ly,Female
58,Corrina,Althorp,calthorp1l@whitehouse.gov,Female
59,Munroe,Mellon,mmellon1m@utexas.edu,Male
60,Blithe,Baynes,bbaynes1n@google.cn,Female
61,Koressa,Hitter,khitter1o@nationalgeographic.com,Female
62,Helenka,Fusedale,hfusedale1p@toplist.cz,Female
63,Deane,Hulburd,dhulburd1q@businesswire.com,Male
64,Stephenie,Scutchings,sscutchings1r@list-manage.com,Female
65,Tucky,Cocher,tcocher1s@state.gov,Bigender
66,Gavan,Clough,gclough1t@gov.uk,Male
67,Kalle,Fullerton,kfullerton1u@npr.org,Male
68,Ricard,Ridolfi,rridolfi1v@hugedomains.com,Male
69,Tamara,Laval,tlaval1w@rakuten.co.jp,Genderqueer
70,Brandea,Spafford,bspafford1x@yahoo.co.jp,Female
71,Myrwyn,Hadny,mhadny1y@1688.com,Male
72,Tracy,Twiggs,ttwiggs1z@uol.com.br,Female
73,Maurice,Oseland,moseland20@prlog.org,Male
74,Benson,Ferrers,bferrers21@yellowpages.com,Male
75,Jess,Cockerton,jcockerton22@vimeo.com,Male
76,Bartholomew,Dungay,bdungay23@goodreads.com,Male
77,Merlina,Lexa,mlexa24@cisco.com,Female
78,Ebenezer,Treagus,etreagus25@sciencedaily.com,Male
79,Tedmund,Hadwen,thadwen26@cpanel.net,Agender
80,Farrand,Veare,fveare27@bbc.co.uk,Polygender
81,Mufinella,Carren,mcarren28@youku.com,Female
82,Tonnie,Heinritz,theinritz29@sourceforge.net,Male
83,Barron,Domone,bdomone2a@mtv.com,Male
84,Tildy,Castillon,tcastillon2b@typepad.com,Female
85,Vivienne,McCracken,vmccracken2c@wordpress.org,Female
86,Raoul,Tellwright,rtellwright2d@auda.org.au,Male
87,Mellie,Schankelborg,mschankelborg2e@eventbrite.com,Female
88,Leontyne,Gelardi,lgelardi2f@wikispaces.com,Female
89,Tiffi,Hatley,thatley2g@eventbrite.com,Genderqueer
90,Marlow,Minard,mminard2h@si.edu,Male
91,Caz,Cashin,ccashin2i@sohu.com,Male
92,Chane,Cruwys,ccruwys2j@nsw.gov.au,Male
93,Karen,Duplain,kduplain2k@ameblo.jp,Female
94,Evita,Jaouen,ejaouen2l@shareasale.com,Female
95,Sheffy,Fitzackerley,sfitzackerley2m@tripod.com,Male
96,Leanor,Rattry,lrattry2n@icio.us,Polygender
97,Aurthur,Portsmouth,aportsmouth2o@webs.com,Male
98,Brion,Lockley,blockley2p@arstechnica.com,Male
99,Ermengarde,Jancik,ejancik2q@addtoany.com,Female
100,Janean,Ventura,jventura2r@yelp.com,Female
101,Dedie,Pitney,dpitney2s@ow.ly,Female
102,Trefor,Thorsen,tthorsen2t@google.co.jp,Male
103,Winnie,Graeber,wgraeber2u@cnet.com,Male
104,Hermie,Gonsalo,hgonsalo2v@symantec.com,Male
105,Kermy,Blanchflower,kblanchflower2w@gmpg.org,Agender
106,Ashla,Saunton,asaunton2x@youku.com,Female
107,Aldwin,Maingot,amaingot2y@admin.ch,Male
108,Darcy,Sainte Paul,dsaintepaul2z@usnews.com,Male
109,Conway,Feldhorn,cfeldhorn30@goo.gl,Male
110,Cherlyn,Crewdson,ccrewdson31@netlog.com,Female
111,Siana,Scanlon,sscanlon32@freewebs.com,Female
112,Rosaline,Benmore,rbenmore33@state.tx.us,Female
113,Skelly,Cadany,scadany34@ameblo.jp,Male
114,Joni,Easey,jeasey35@tumblr.com,Female
115,Reed,Serjent,rserjent36@mediafire.com,Male
116,Betta,Alvarado,balvarado37@ovh.net,Female
117,Fielding,Ingilson,fingilson38@ustream.tv,Male
118,Darrin,Clayborn,dclayborn39@51.la,Male
119,Vyky,Donn,vdonn3a@bloglines.com,Female
120,Robbyn,Gammack,rgammack3b@xing.com,Female
121,Byrle,Godley,bgodley3c@studiopress.com,Male
122,Melessa,Mauditt,mmauditt3d@hhs.gov,Female
123,Farly,Rosenbloom,frosenbloom3e@ted.com,Male
124,Paulita,Levensky,plevensky3f@mayoclinic.com,Female
125,Mead,Hinkes,mhinkes3g@weibo.com,Male
126,Lula,Goodger,lgoodger3h@earthlink.net,Female
127,Mersey,Pagon,mpagon3i@csmonitor.com,Female
128,Brittani,Benjefield,bbenjefield3j@amazon.co.jp,Female
129,Ethan,Paute,epaute3k@europa.eu,Male
130,Tiffy,Mowles,tmowles3l@ameblo.jp,Female
131,Bren,Lawrenson,blawrenson3m@ihg.com,Female
132,Hillard,McCrachen,hmccrachen3n@samsung.com,Genderfluid
133,Cyndia,Trevillion,ctrevillion3o@nydailynews.com,Female
134,Mora,Skeldon,mskeldon3p@last.fm,Female
135,Sandy,Childe,schilde3q@livejournal.com,Female
136,Izak,Rickman,irickman3r@topsy.com,Polygender
137,Leighton,Fulep,lfulep3s@zimbio.com,Male
138,Linzy,Carcas,lcarcas3t@kickstarter.com,Female
139,Rolph,Caroline,rcaroline3u@cisco.com,Male
140,Ingeberg,Currer,icurrer3v@goo.ne.jp,Female
141,Mateo,O'Leahy,moleahy3w@networksolutions.com,Male
142,Freedman,Dodworth,fdodworth3x@oakley.com,Male
143,Adelind,Dye,adye3y@telegraph.co.uk,Female
144,Stephana,Weblin,sweblin3z@blogspot.com,Female
145,Hilton,Biesterfeld,hbiesterfeld40@wp.com,Male
146,Sonnnie,Tortoishell,stortoishell41@shop-pro.jp,Female
147,Scotti,Langlands,slanglands42@edublogs.org,Male
148,Johannes,Fisbey,jfisbey43@goo.ne.jp,Male
149,Novelia,Saladine,nsaladine44@unicef.org,Female
150,Elijah,Vince,evince45@ycombinator.com,Male
151,Eugenio,Arnault,earnault46@weebly.com,Male
152,Fawne,Insull,finsull47@furl.net,Female
153,Gale,Trengrouse,gtrengrouse48@whitehouse.gov,Female
154,Thelma,Campes,tcampes49@miitbeian.gov.cn,Female
155,Linnea,Hefforde,lhefforde4a@cisco.com,Female
156,Jacynth,Lyons,jlyons4b@deviantart.com,Female
157,Jeffrey,Rothwell,jrothwell4c@cnet.com,Male
158,Locke,Casel,lcasel4d@scientificamerican.com,Male
159,Hashim,Henkmann,hhenkmann4e@soup.io,Male
160,Jennica,Gookes,jgookes4f@si.edu,Female
161,Arnuad,Whibley,awhibley4g@examiner.com,Male
162,Alard,Fritchly,afritchly4h@nifty.com,Male
163,Corbet,Tomich,ctomich4i@xing.com,Male
164,Rubi,Espley,respley4j@blogspot.com,Female
165,Art,Cordery,acordery4k@purevolume.com,Male
166,Jessika,Chazier,jchazier4l@chicagotribune.com,Female
167,Taylor,Circuit,tcircuit4m@icq.com,Male
168,Giacinta,Stainland,gstainland4n@technorati.com,Female
169,Janie,Petrolli,jpetrolli4o@slashdot.org,Female
170,Langston,Matyugin,lmatyugin4p@merriam-webster.com,Male
171,Jamesy,Tuckwood,jtuckwood4q@fda.gov,Male
172,Nollie,Vedenyakin,nvedenyakin4r@examiner.com,Male
173,Alyson,Skunes,askunes4s@ebay.com,Female
174,Joby,Firmage,jfirmage4t@1688.com,Female
175,Annabel,Annand,aannand4u@comsenz.com,Agender
176,Kennett,Andrini,kandrini4v@harvard.edu,Male
177,Frieda,Marcos,fmarcos4w@nydailynews.com,Female
178,Vivyan,Sybbe,vsybbe4x@slashdot.org,Female
179,Bennie,Lenihan,blenihan4y@cmu.edu,Male
180,Ignace,Chapman,ichapman4z@deliciousdays.com,Genderfluid
181,Tomkin,Illesley,tillesley50@yandex.ru,Male
182,Berti,Uttridge,buttridge51@mayoclinic.com,Male
183,Federica,Gerritzen,fgerritzen52@nsw.gov.au,Female
184,Mendel,Schirok,mschirok53@github.com,Male
185,Maribeth,Learman,mlearman54@prweb.com,Female
186,Pierson,Josefer,pjosefer55@booking.com,Male
187,Ellsworth,Perott,eperott56@mozilla.com,Male
188,Jenda,Tenney,jtenney57@opensource.org,Female
189,Tamma,Holdren,tholdren58@ocn.ne.jp,Female
190,Cass,Okey,cokey59@vk.com,Female
191,Klarika,Testro,ktestro5a@indiatimes.com,Female
192,Herculie,Paulack,hpaulack5b@ca.gov,Bigender
193,Crin,Skinner,cskinner5c@apache.org,Female
194,Leila,O'Mannion,lomannion5d@rakuten.co.jp,Female
195,Alicea,Petrakov,apetrakov5e@ask.com,Female
196,Brandea,Diggar,bdiggar5f@sina.com.cn,Female
197,Evangelia,Hunsworth,ehunsworth5g@house.gov,Female
198,Noland,Fulle,nfulle5h@msu.edu,Male
199,Neils,Venners,nvenners5i@discovery.com,Male
200,Kerrie,Stonnell,kstonnell5j@opera.com,Female
201,Sasha,Siene,ssiene5k@mayoclinic.com,Female
202,Mitch,Camosso,mcamosso5l@webeden.co.uk,Bigender
203,Colver,Aves,caves5m@tmall.com,Male
204,Obadias,Matushenko,omatushenko5n@discuz.net,Male
205,Datha,McGahey,dmcgahey5o@uol.com.br,Female
206,Romy,Ibbison,ribbison5p@house.gov,Female
207,Alanna,Stemp,astemp5q@nba.com,Female
208,Valery,Carlaw,vcarlaw5r@wikia.com,Female
209,Salomon,Cuthbertson,scuthbertson5s@springer.com,Male
210,Raquela,Giveen,rgiveen5t@amazonaws.com,Female
211,Fanechka,Kinglesyd,fkinglesyd5u@altervista.org,Female
212,Cynde,Brattan,cbrattan5v@cornell.edu,Agender
213,Mallorie,Linder,mlinder5w@salon.com,Genderqueer
214,Maurene,Shovelin,mshovelin5x@ucoz.ru,Female
215,Breena,Besemer,bbesemer5y@hatena.ne.jp,Female
216,Ryann,Marcroft,rmarcroft5z@blogs.com,Female
217,Shaylyn,Olczyk,solczyk60@gmpg.org,Female
218,Leonardo,Kuban,lkuban61@redcross.org,Male
219,Onofredo,Berzins,oberzins62@state.gov,Male
220,Nedi,Sharland,nsharland63@unblog.fr,Female
221,Gray,Ghirigori,gghirigori64@mlb.com,Male
222,Ellsworth,Dallander,edallander65@t.co,Male
223,Ammamaria,Chin,achin66@ftc.gov,Female
224,Clementius,Roma,croma67@mtv.com,Male
225,Osmund,Frangello,ofrangello68@pinterest.com,Male
226,Electra,Childerley,echilderley69@taobao.com,Female
227,Patrizio,Leggan,pleggan6a@pinterest.com,Genderfluid
228,Ruben,Clutton,rclutton6b@shop-pro.jp,Male
229,Alyssa,Lavrinov,alavrinov6c@samsung.com,Female
230,Eveleen,Condie,econdie6d@symantec.com,Polygender
231,Brandea,Guillet,bguillet6e@imdb.com,Female
232,Hakim,Deboo,hdeboo6f@blogs.com,Male
233,Walt,Joplin,wjoplin6g@soundcloud.com,Male
234,Oliver,Kohnert,okohnert6h@cbsnews.com,Agender
235,Elmira,Entres,eentres6i@seattletimes.com,Female
236,Cordelie,Lidyard,clidyard6j@mayoclinic.com,Female
237,Gordon,Grime,ggrime6k@hatena.ne.jp,Male
238,Mortimer,Crossley,mcrossley6l@jugem.jp,Male
239,Alexandros,Mayger,amayger6m@g.co,Bigender
240,Avictor,Hannaford,ahannaford6n@google.com.br,Male
241,Jocko,Collelton,jcollelton6o@addthis.com,Male
242,Herc,Christopher,hchristopher6p@mlb.com,Male
243,Brod,Ferruzzi,bferruzzi6q@webmd.com,Male
244,Ricca,Center,rcenter6r@cisco.com,Female
245,Ruttger,Melin,rmelin6s@elpais.com,Male
246,Layney,Remington,lremington6t@youku.com,Female
247,Eulalie,Burkett,eburkett6u@rediff.com,Female
248,Michal,Grzelczyk,mgrzelczyk6v@thetimes.co.uk,Female
249,Laird,Dahlen,ldahlen6w@slideshare.net,Male
250,Marleah,Sellman,msellman6x@state.gov,Female
251,Aleda,Warbys,awarbys6y@mtv.com,Female
252,Noami,Burbidge,nburbidge6z@tuttocitta.it,Female
253,Melessa,Shelbourne,mshelbourne70@dedecms.com,Female
254,Ulrich,Brunelli,ubrunelli71@163.com,Male
255,Keir,Whotton,kwhotton72@state.gov,Polygender
256,Eduard,Blachford,eblachford73@usnews.com,Male
257,Kareem,Cardenas,kcardenas74@networksolutions.com,Genderfluid
258,Ginny,Lattka,glattka75@cmu.edu,Female
259,Natale,Gawkroge,ngawkroge76@senate.gov,Male
260,Aldis,Ayris,aayris77@mozilla.com,Male
261,Florencia,Janczak,fjanczak78@posterous.com,Female
262,Aaren,Ariss,aariss79@techcrunch.com,Female
263,Giusto,Valek,gvalek7a@cdc.gov,Male
264,Virginia,Pringer,vpringer7b@admin.ch,Female
265,Merrill,Ivanishchev,mivanishchev7c@ca.gov,Female
266,Willow,Malek,wmalek7d@delicious.com,Female
267,Marcela,Goodbar,mgoodbar7e@hc360.com,Female
268,Linzy,Alcock,lalcock7f@ox.ac.uk,Female
269,Violette,Heeran,vheeran7g@alibaba.com,Female
270,Raphaela,Harback,rharback7h@illinois.edu,Female
271,Cecile,Mulrenan,cmulrenan7i@blinklist.com,Female
272,Margareta,Henzer,mhenzer7j@buzzfeed.com,Female
273,Laurie,Kempton,lkempton7k@scribd.com,Female
274,Noellyn,Bonde,nbonde7l@icio.us,Female
275,Ada,Reinbach,areinbach7m@pbs.org,Female
276,Pearla,Hearnaman,phearnaman7n@epa.gov,Female
277,Germaine,Tuft,gtuft7o@sfgate.com,Male
278,Minny,Castell,mcastell7p@1und1.de,Female
279,Terri,Levis,tlevis7q@hao123.com,Agender
280,Queenie,Vaan,qvaan7r@zimbio.com,Female
281,Dalia,Phizacklea,dphizacklea7s@desdev.cn,Female
282,Tan,Dutt,tdutt7t@people.com.cn,Male
283,Ami,Furmagier,afurmagier7u@tamu.edu,Female
284,Ranique,Knappitt,rknappitt7v@goo.gl,Female
285,Anson,Skillitt,askillitt7w@linkedin.com,Male
286,Skip,Nairne,snairne7x@netscape.com,Male
287,Gilbert,Werndly,gwerndly7y@fastcompany.com,Genderfluid
288,Sheelah,Kretschmer,skretschmer7z@networkadvertising.org,Female
289,Chloe,Rignall,crignall80@springer.com,Female
290,Maddi,Whopples,mwhopples81@howstuffworks.com,Female
291,Colene,Hinckes,chinckes82@examiner.com,Genderqueer
292,Melanie,Coupland,mcoupland83@ft.com,Female
293,Delphine,Christofle,dchristofle84@fema.gov,Female
294,Debera,Lorincz,dlorincz85@newyorker.com,Genderqueer
295,Chaunce,Wallbutton,cwallbutton86@barnesandnoble.com,Male
296,Florie,Glisane,fglisane87@godaddy.com,Female
297,Maynord,Klampt,mklampt88@harvard.edu,Male
298,Victoria,Capron,vcapron89@flickr.com,Female
299,Ethe,Kemmis,ekemmis8a@epa.gov,Male
300,Ingrim,Islep,iislep8b@fc2.com,Male
301,Lonni,Doxey,ldoxey8c@theatlantic.com,Female
302,Edythe,Marsay,emarsay8d@cisco.com,Female
303,Eamon,Margrie,emargrie8e@plala.or.jp,Male
304,Gradey,Myrick,gmyrick8f@taobao.com,Male
305,Susie,Bortoli,sbortoli8g@facebook.com,Agender
306,Abra,Carnegie,acarnegie8h@sun.com,Female
307,Conant,Flament,cflament8i@nbcnews.com,Male
308,Frederik,Ginty,fginty8j@engadget.com,Male
309,Ronica,Barthorpe,rbarthorpe8k@ted.com,Female
310,Evvy,Spelling,espelling8l@gnu.org,Female
311,Wilbur,Gatfield,wgatfield8m@hubpages.com,Male
312,Daniella,Woolham,dwoolham8n@paginegialle.it,Female
313,Rhodia,Beech,rbeech8o@t.co,Female
314,Rosaleen,Wadly,rwadly8p@vimeo.com,Female
315,Myrtle,Moret,mmoret8q@hostgator.com,Genderfluid
316,Tannie,Navein,tnavein8r@fc2.com,Male
317,Boris,Southall,bsouthall8s@domainmarket.com,Male
318,Camella,Reyburn,creyburn8t@1688.com,Female
319,Franny,Tinklin,ftinklin8u@usatoday.com,Female
320,Dean,Abelovitz,dabelovitz8v@yellowpages.com,Male
321,Sander,Godrich,sgodrich8w@reverbnation.com,Male
322,Coop,Yakushkev,cyakushkev8x@dagondesign.com,Male
323,Haven,Livingstone,hlivingstone8y@diigo.com,Male
324,Nadya,Yoxall,nyoxall8z@hubpages.com,Female
325,Joannes,Grigor,jgrigor90@noaa.gov,Female
326,Marti,Panner,mpanner91@themeforest.net,Female
327,Moria,Pauer,mpauer92@nydailynews.com,Female
328,Janis,Lightbourn,jlightbourn93@psu.edu,Female
329,Faunie,Saleway,fsaleway94@indiegogo.com,Female
330,Genna,Craine,gcraine95@netvibes.com,Female
331,Galen,Forlong,gforlong96@fastcompany.com,Male
332,Mattheus,Camelli,mcamelli97@symantec.com,Male
333,Ferdinand,Downer,fdowner98@tuttocitta.it,Male
334,Whitney,Witherow,wwitherow99@zimbio.com,Male
335,Gavrielle,MacAlroy,gmacalroy9a@bloglines.com,Female
336,Sonnnie,Moorrud,smoorrud9b@instagram.com,Female
337,Murielle,Mc Curlye,mmccurlye9c@businessinsider.com,Female
338,Roxane,Ayre,rayre9d@wunderground.com,Polygender
339,Cherilynn,Carbery,ccarbery9e@salon.com,Female
340,Ileana,Beaston,ibeaston9f@yolasite.com,Female
341,Tabbatha,Bernadot,tbernadot9g@wikipedia.org,Female
342,Brock,Tryhorn,btryhorn9h@xinhuanet.com,Male
343,Florida,Zannotti,fzannotti9i@google.nl,Female
344,Eliza,Boother,eboother9j@edublogs.org,Female
345,Kay,MacMenamy,kmacmenamy9k@sina.com.cn,Female
346,Lenore,Ullyott,lullyott9l@jimdo.com,Female
347,Wally,Blader,wblader9m@princeton.edu,Male
348,Annabella,Desesquelle,adesesquelle9n@eepurl.com,Female
349,Bronny,Border,bborder9o@fda.gov,Male
350,Hillyer,O'Brallaghan,hobrallaghan9p@intel.com,Male
351,Tyrus,Dowson,tdowson9q@github.io,Male
352,Orlando,Donnelly,odonnelly9r@imgur.com,Male
353,Maxie,Pavlasek,mpavlasek9s@ow.ly,Female
354,Costanza,Simmgen,csimmgen9t@seesaa.net,Genderfluid
355,Terri,Brandenburg,tbrandenburg9u@bluehost.com,Male
356,Mae,Lafont,mlafont9v@bloomberg.com,Female
357,Gray,Waldren,gwaldren9w@smugmug.com,Male
358,Farlee,Harrinson,fharrinson9x@who.int,Male
359,Byrle,Verling,bverling9y@mayoclinic.com,Genderqueer
360,Stearn,Gronno,sgronno9z@mozilla.com,Male
361,Duke,Hatherall,dhatheralla0@dedecms.com,Male
362,Mortie,Blofield,mblofielda1@163.com,Agender
363,Reuven,Evelyn,revelyna2@illinois.edu,Male
364,Gaby,Sissens,gsissensa3@irs.gov,Male
365,Malanie,Deighan,mdeighana4@pcworld.com,Female
366,Huberto,Hounsome,hhounsomea5@springer.com,Male
367,Lesya,Dolohunty,ldolohuntya6@nyu.edu,Female
368,Randolf,Dowsing,rdowsinga7@timesonline.co.uk,Male
369,Karen,Rubinivitz,krubinivitza8@wikia.com,Female
370,Floris,Addyman,faddymana9@fema.gov,Female
371,Kale,MacRannell,kmacrannellaa@wp.com,Male
372,Fayette,Womack,fwomackab@creativecommons.org,Female
373,Norby,Shakelade,nshakeladeac@mtv.com,Male
374,Jacquette,Garber,jgarberad@weibo.com,Female
375,Isac,Daughtry,idaughtryae@yahoo.co.jp,Male
376,Selinda,Joscelyn,sjoscelynaf@pagesperso-orange.fr,Female
377,Shellie,Greenroyd,sgreenroydag@microsoft.com,Female
378,Rolando,Axworthy,raxworthyah@t.co,Male
379,Constantin,Kidston,ckidstonai@salon.com,Male
380,Kata,Sket,ksketaj@vinaora.com,Female
381,Vaclav,Gorler,vgorlerak@meetup.com,Male
382,Genevieve,Claiton,gclaitonal@gravatar.com,Female
383,Noel,Aikenhead,naikenheadam@jimdo.com,Polygender
384,Blondie,Migheli,bmighelian@addthis.com,Female
385,Allyn,Paradise,aparadiseao@google.fr,Non-binary
386,Lelia,Brumhead,lbrumheadap@squidoo.com,Genderqueer
387,Brendon,Delea,bdeleaaq@craigslist.org,Male
388,Reid,Ravilus,rravilusar@hhs.gov,Male
389,Silvester,Rolston,srolstonas@si.edu,Male
390,Courtenay,Pickles,cpicklesat@live.com,Female
391,Justinian,Dallosso,jdallossoau@google.cn,Male
392,Jedd,Billham,jbillhamav@gmpg.org,Male
393,Durand,Mainstone,dmainstoneaw@meetup.com,Genderqueer
394,Seymour,Ahern,sahernax@zimbio.com,Male
395,Jacob,Lisciandri,jlisciandriay@ow.ly,Male
396,Phineas,Coda,pcodaaz@businessinsider.com,Male
397,Amil,Casbolt,acasboltb0@fema.gov,Female
398,Arny,Brister,abristerb1@toplist.cz,Genderfluid
399,Mercy,Mingardo,mmingardob2@yale.edu,Female
400,Harriett,Dempster,hdempsterb3@diigo.com,Female
401,Kathrine,Siemens,ksiemensb4@weibo.com,Female
402,Ingaborg,Kindleside,ikindlesideb5@ed.gov,Female
403,Norene,O'Breen,nobreenb6@hostgator.com,Female
404,Lucian,Wild,lwildb7@plala.or.jp,Male
405,Trina,Bignell,tbignellb8@columbia.edu,Female
406,Galina,Helmke,ghelmkeb9@yelp.com,Female
407,Denys,Jelphs,djelphsba@psu.edu,Male
408,Herve,Dethloff,hdethloffbb@freewebs.com,Male
409,Selma,Kurtis,skurtisbc@seattletimes.com,Female
410,Ettie,Tattersdill,etattersdillbd@wisc.edu,Female
411,Muffin,Breckwell,mbreckwellbe@state.tx.us,Male
412,Cletus,Bambra,cbambrabf@goo.ne.jp,Genderqueer
413,Kaleena,Perelli,kperellibg@about.com,Female
414,Hebert,Freddi,hfreddibh@g.co,Male
415,Edithe,MacGowing,emacgowingbi@unc.edu,Female
416,Bartel,Gove,bgovebj@people.com.cn,Male
417,Garvy,Ovendale,govendalebk@xinhuanet.com,Male
418,Wendye,Tolossi,wtolossibl@soundcloud.com,Female
419,Carmine,Beeke,cbeekebm@disqus.com,Male
420,Chandler,Leathard,cleathardbn@spiegel.de,Polygender
421,Jacki,Mc Trusty,jmctrustybo@theguardian.com,Female
422,Jeni,Eydel,jeydelbp@ameblo.jp,Female
423,Maggy,Wolverson,mwolversonbq@mayoclinic.com,Female
424,Noach,Poulter,npoulterbr@uol.com.br,Male
425,Yehudit,Glazyer,yglazyerbs@oakley.com,Male
426,Lockwood,Jeremiah,ljeremiahbt@cpanel.net,Bigender
427,Lindsey,Laughtisse,llaughtissebu@blogtalkradio.com,Female
428,Lawry,Creegan,lcreeganbv@google.cn,Male
429,Papageno,Bletcher,pbletcherbw@parallels.com,Male
430,Ezmeralda,Plett,eplettbx@fda.gov,Female
431,Zilvia,Marushak,zmarushakby@wired.com,Female
432,Calv,Staunton,cstauntonbz@fda.gov,Male
433,Duky,De Bruyne,ddebruynec0@prlog.org,Male
434,Marie,Wheelan,mwheelanc1@mozilla.com,Female
435,Kristian,Kruszelnicki,kkruszelnickic2@ucsd.edu,Male
436,Leigh,Glasgow,lglasgowc3@sun.com,Female
437,Sterling,Fellos,sfellosc4@businesswire.com,Male
438,Ramsay,Strathman,rstrathmanc5@youtube.com,Male
439,Halsy,Dickon,hdickonc6@mozilla.com,Male
440,Rachelle,Gelardi,rgelardic7@nbcnews.com,Bigender
441,Lowell,Thunnercliffe,lthunnercliffec8@wordpress.org,Male
442,Linet,Mackilpatrick,lmackilpatrickc9@apache.org,Polygender
443,Bank,Huston,bhustonca@networkadvertising.org,Male
444,Herculie,Spennock,hspennockcb@macromedia.com,Male
445,Tracee,Sheirlaw,tsheirlawcc@oakley.com,Female
446,Reinaldos,Fancourt,rfancourtcd@csmonitor.com,Male
447,Lyndsey,Garret,lgarretce@wired.com,Female
448,Joyann,Rames,jramescf@mapy.cz,Female
449,Agnes,Sleigh,asleighcg@fema.gov,Female
450,Meris,Lowings,mlowingsch@symantec.com,Female
451,Phyllida,Gantz,pgantzci@bbc.co.uk,Female
452,Chane,Bothe,cbothecj@harvard.edu,Male
453,Jake,Bullent,jbullentck@ucoz.ru,Male
454,Augustin,Corkett,acorkettcl@mayoclinic.com,Male
455,Margarete,Ellph,mellphcm@mac.com,Female
456,Forrester,Gors,fgorscn@admin.ch,Male
457,Kendell,Bisseker,kbissekerco@columbia.edu,Male
458,Tobit,Daens,tdaenscp@pinterest.com,Male
459,Lula,Fernyhough,lfernyhoughcq@ft.com,Female
460,Kordula,Satch,ksatchcr@dot.gov,Female
461,Ignacio,Abrashkov,iabrashkovcs@army.mil,Male
462,Avrit,Dabell,adabellct@chronoengine.com,Female
463,Joeann,Gainsboro,jgainsborocu@cornell.edu,Female
464,Lynnett,Eastop,leastopcv@barnesandnoble.com,Female
465,Daphna,Roots,drootscw@godaddy.com,Female
466,Simeon,Sheerman,ssheermancx@theatlantic.com,Agender
467,Fran,Batham,fbathamcy@whitehouse.gov,Male
468,Lori,Voff,lvoffcz@flavors.me,Female
469,Cleveland,Adamovich,cadamovichd0@github.com,Male
470,Emlynn,Rigate,erigated1@soup.io,Female
471,Hillel,Touzey,htouzeyd2@google.ru,Male
472,Nissy,Cookes,ncookesd3@house.gov,Female
473,Verne,Haggerstone,vhaggerstoned4@blogger.com,Male
474,Kale,Drivers,kdriversd5@auda.org.au,Male
475,Wildon,Levane,wlevaned6@springer.com,Male
476,Florie,Dearl,fdearld7@disqus.com,Female
477,Val,Edmund,vedmundd8@comsenz.com,Agender
478,Deni,Stickles,dsticklesd9@google.co.jp,Female
479,Olympe,Struther,ostrutherda@state.tx.us,Female
480,Marcellina,Digg,mdiggdb@mac.com,Female
481,Gustaf,Ram,gramdc@omniture.com,Male
482,Audre,Bayly,abaylydd@symantec.com,Female
483,Rinaldo,Mussington,rmussingtonde@marketwatch.com,Male
484,Cherie,Lewinton,clewintondf@twitpic.com,Female
485,Danyette,Enns,dennsdg@etsy.com,Female
486,Farleigh,Spradbery,fspradberydh@usatoday.com,Male
487,Garry,Thwaites,gthwaitesdi@biblegateway.com,Male
488,Davey,Franiak,dfraniakdj@ebay.co.uk,Male
489,Jed,Birbeck,jbirbeckdk@skyrock.com,Male
490,Donny,Rollitt,drollittdl@multiply.com,Female
491,Sheryl,Drews,sdrewsdm@bbb.org,Female
492,Arni,Ondra,aondradn@myspace.com,Agender
493,Zorina,Burdus,zburdusdo@jimdo.com,Female
494,Gannon,Turvie,gturviedp@ovh.net,Male
495,Millard,Snoxell,msnoxelldq@jigsy.com,Male
496,Marcelline,Radmore,mradmoredr@cdc.gov,Female
497,Yale,Darnborough,ydarnboroughds@stanford.edu,Male
498,Shepherd,Tordiffe,stordiffedt@illinois.edu,Male
499,Kakalina,Ferroli,kferrolidu@phpbb.com,Female
500,Dorelle,Glenfield,dglenfielddv@theglobeandmail.com,Female
501,Ester,Newis,enewisdw@blogs.com,Female
502,Zorah,Longworth,zlongworthdx@slideshare.net,Female
503,Maynard,Thorsby,mthorsbydy@va.gov,Male
504,Dore,Whitmell,dwhitmelldz@blog.com,Female
505,Dulsea,Eilers,deilerse0@furl.net,Female
506,Tarah,Ohlsen,tohlsene1@forbes.com,Female
507,Henrie,Ankers,hankerse2@ox.ac.uk,Female
508,Gwenni,Kenealy,gkenealye3@yahoo.co.jp,Genderfluid
509,Konrad,Heining,kheininge4@gnu.org,Male
510,Cynthie,Capineer,ccapineere5@illinois.edu,Female
511,Robena,Heinz,rheinze6@sphinn.com,Female
512,Florry,Asaaf,fasaafe7@goo.ne.jp,Female
513,Evaleen,Yanukhin,eyanukhine8@sourceforge.net,Female
514,Kirsteni,Utridge,kutridgee9@state.tx.us,Female
515,Nestor,Whelpton,nwhelptonea@skyrock.com,Male
516,Donia,Rajchert,drajcherteb@wiley.com,Female
517,Ailene,Cohrs,acohrsec@google.cn,Female
518,Mella,Cazereau,mcazereaued@miitbeian.gov.cn,Female
519,Alexei,Skeene,askeeneee@over-blog.com,Male
520,Rafaela,Steedman,rsteedmanef@wordpress.org,Female
521,Sergent,Plet,spleteg@usda.gov,Male
522,Rodolph,Renner,rrennereh@pen.io,Male
523,Charmine,Slograve,cslograveei@blogspot.com,Genderqueer
524,Janene,Blouet,jblouetej@ocn.ne.jp,Female
525,Jazmin,Emilien,jemilienek@woothemes.com,Female
526,Patricia,Hawk,phawkel@purevolume.com,Female
527,Tabbie,Thunders,tthundersem@prlog.org,Female
528,Gladi,Disney,gdisneyen@goo.gl,Female
529,Shir,Fleis,sfleiseo@slashdot.org,Female
530,Gunar,Wildgoose,gwildgooseep@yale.edu,Male
531,Alexis,Fortey,aforteyeq@lycos.com,Male
532,Ali,Shulem,ashulemer@hibu.com,Male
533,Kienan,Hindshaw,khindshawes@spiegel.de,Male
534,Puff,Whiskin,pwhiskinet@dropbox.com,Male
535,Vincents,Thredder,vthreddereu@cbslocal.com,Male
536,Brion,Loseke,blosekeev@cloudflare.com,Male
537,Carey,Boatswain,cboatswainew@blogtalkradio.com,Male
538,Dianemarie,Stennard,dstennardex@oracle.com,Female
539,Gian,Blazevic,gblazevicey@europa.eu,Male
540,Roley,Puckey,rpuckeyez@mayoclinic.com,Male
541,Eula,McCabe,emccabef0@jigsy.com,Female
542,Dugald,O'Hegertie,dohegertief1@quantcast.com,Male
543,Maddi,Hanner,mhannerf2@last.fm,Female
544,Morry,Licari,mlicarif3@alexa.com,Male
545,Tammie,Pogg,tpoggf4@narod.ru,Male
546,Leona,Figin,lfiginf5@npr.org,Female
547,Mattias,Dorken,mdorkenf6@list-manage.com,Male
548,Gun,Follitt,gfollittf7@slashdot.org,Male
549,Muhammad,Joselovitch,mjoselovitchf8@behance.net,Male
550,Abbe,O'Doireidh,aodoireidhf9@webs.com,Female
551,Fenelia,Belverstone,fbelverstonefa@mayoclinic.com,Genderqueer
552,Nadine,Emanuelov,nemanuelovfb@yale.edu,Female
553,Gaye,McCallion,gmccallionfc@ovh.net,Female
554,Ayn,cornhill,acornhillfd@yelp.com,Female
555,Zechariah,Riggeard,zriggeardfe@jiathis.com,Genderfluid
556,Avis,MacAlroy,amacalroyff@chicagotribune.com,Female
557,Sandra,Paramor,sparamorfg@yahoo.com,Female
558,Beverlie,Kirwan,bkirwanfh@about.com,Female
559,Finlay,Bisiker,fbisikerfi@cdc.gov,Male
560,Yetty,Wingate,ywingatefj@usa.gov,Genderfluid
561,Karel,MacSkeagan,kmacskeaganfk@washington.edu,Polygender
562,Emelen,Guess,eguessfl@apple.com,Genderfluid
563,Fletch,Howgill,fhowgillfm@tiny.cc,Male
564,Lu,Falloon,lfalloonfn@com.com,Female
565,Brittan,Shirt,bshirtfo@sakura.ne.jp,Female
566,Sterling,Lubeck,slubeckfp@buzzfeed.com,Male
567,Siegfried,Gowrich,sgowrichfq@merriam-webster.com,Male
568,Angelika,Yakebovich,ayakebovichfr@weibo.com,Female
569,Kariotta,Snawdon,ksnawdonfs@pagesperso-orange.fr,Female
570,Ches,Nice,cniceft@smh.com.au,Male
571,Ignace,Vearncomb,ivearncombfu@taobao.com,Male
572,Ruthy,Naylor,rnaylorfv@umn.edu,Female
573,Roddie,Stout,rstoutfw@instagram.com,Non-binary
574,Ariella,Peerless,apeerlessfx@msu.edu,Female
575,Candida,Antonchik,cantonchikfy@unicef.org,Polygender
576,Lonnie,Olsson,lolssonfz@upenn.edu,Polygender
577,Karola,Tidy,ktidyg0@icq.com,Female
578,Ann,Peet,apeetg1@exblog.jp,Female
579,Perle,Tunnick,ptunnickg2@admin.ch,Female
580,Haroun,Densham,hdenshamg3@cdc.gov,Male
581,Tam,Cullington,tcullingtong4@etsy.com,Male
582,Ronica,MacArd,rmacardg5@reddit.com,Female
583,Aleen,Looker,alookerg6@sitemeter.com,Female
584,Laurence,Olensby,lolensbyg7@issuu.com,Male
585,Peadar,Lernihan,plernihang8@symantec.com,Male
586,Joye,Drexel,jdrexelg9@behance.net,Female
587,Goldi,Jirousek,gjirousekga@amazon.co.uk,Female
588,Ruddy,Pecht,rpechtgb@github.com,Male
589,Jefferey,Romaint,jromaintgc@sogou.com,Male
590,Alvis,Scandwright,ascandwrightgd@eepurl.com,Male
591,Donielle,De Bischof,ddebischofge@infoseek.co.jp,Female
592,Kellen,Gayler,kgaylergf@europa.eu,Male
593,Gillie,Gedney,ggedneygg@state.gov,Female
594,Verna,Gilyott,vgilyottgh@hhs.gov,Bigender
595,Quillan,Worg,qworggi@geocities.com,Male
596,Jesselyn,Forlonge,jforlongegj@nhs.uk,Female
597,Nataline,Quinlan,nquinlangk@go.com,Female
598,Gail,McQuin,gmcquingl@unc.edu,Male
599,Kippar,Braferton,kbrafertongm@friendfeed.com,Male
600,Rancell,Jaszczak,rjaszczakgn@symantec.com,Male
601,Dottie,Durrance,ddurrancego@studiopress.com,Female
602,Retha,More,rmoregp@wikia.com,Female
603,Lyman,Ollett,lollettgq@redcross.org,Male
604,Rhett,Wealleans,rwealleansgr@woothemes.com,Polygender
605,Joella,Spatoni,jspatonigs@purevolume.com,Non-binary
606,Skylar,Bartoshevich,sbartoshevichgt@privacy.gov.au,Male
607,Fons,Groger,fgrogergu@domainmarket.com,Male
608,Uta,Courson,ucoursongv@reverbnation.com,Female
609,Augusto,Maplethorp,amaplethorpgw@washington.edu,Male
610,Langston,Spurden,lspurdengx@deviantart.com,Male
611,Noel,Macoun,nmacoungy@skyrock.com,Male
612,Hazel,Newey,hneweygz@alexa.com,Male
613,Bonita,Pilsworth,bpilsworthh0@baidu.com,Female
614,Web,Wellwood,wwellwoodh1@theatlantic.com,Male
615,Grover,Camacho,gcamachoh2@huffingtonpost.com,Non-binary
616,Phillida,Koubu,pkoubuh3@elegantthemes.com,Female
617,Vera,Tuting,vtutingh4@networksolutions.com,Female
618,Carin,Greenstreet,cgreenstreeth5@google.fr,Bigender
619,Giles,Saket,gsaketh6@networkadvertising.org,Male
620,Sarita,Drinkhill,sdrinkhillh7@pcworld.com,Female
621,Minna,Barstowk,mbarstowkh8@foxnews.com,Female
622,Amara,Eglington,aeglingtonh9@narod.ru,Female
623,Jacquenetta,Fores,jforesha@vimeo.com,Female
624,Meriel,Khomin,mkhominhb@vistaprint.com,Female
625,Rozanne,Pichmann,rpichmannhc@360.cn,Female
626,Beret,Assender,bassenderhd@is.gd,Female
627,David,MacColgan,dmaccolganhe@admin.ch,Male
628,Billy,Rowell,browellhf@amazon.com,Female
629,Linnell,Storrah,lstorrahhg@globo.com,Female
630,Zerk,Rosenshine,zrosenshinehh@about.com,Male
631,Gustaf,Orritt,gorritthi@shop-pro.jp,Male
632,Whitby,Kernar,wkernarhj@homestead.com,Male
633,Ermina,Pittet,epittethk@tmall.com,Female
634,Gothart,Dulwich,gdulwichhl@ustream.tv,Male
635,Janie,Worswick,jworswickhm@bravesites.com,Genderfluid
636,Stevena,Creavin,screavinhn@squarespace.com,Female
637,Aleece,Maccrea,amaccreaho@webnode.com,Female
638,Lukas,Virgoe,lvirgoehp@amazon.co.jp,Male
639,Cosette,Signoret,csignorethq@nationalgeographic.com,Female
640,Jim,Sarge,jsargehr@jigsy.com,Male
641,Val,Matyugin,vmatyuginhs@auda.org.au,Male
642,Lorine,Godwyn,lgodwynht@163.com,Female
643,Rosalynd,Blunderfield,rblunderfieldhu@google.it,Female
644,Deni,Fenney,dfenneyhv@hp.com,Female
645,Mannie,Ionn,mionnhw@msu.edu,Male
646,Bil,Idill,bidillhx@google.com.br,Male
647,Diego,Pettegree,dpettegreehy@engadget.com,Male
648,Tracey,Corsan,tcorsanhz@cam.ac.uk,Male
649,Darelle,Stack,dstacki0@soundcloud.com,Female
650,Hy,Beeston,hbeestoni1@t.co,Male
651,Erin,Cullingford,ecullingfordi2@ucoz.ru,Male
652,Margarethe,Trytsman,mtrytsmani3@google.nl,Female
653,Amargo,Botton,abottoni4@archive.org,Female
654,Javier,Godehard.sf,jgodehardsfi5@drupal.org,Male
655,Urson,Gopsill,ugopsilli6@rediff.com,Male
656,Karissa,McAlinion,kmcalinioni7@time.com,Female
657,Moina,Tortice,mtorticei8@engadget.com,Female
658,Dionysus,Salzberger,dsalzbergeri9@jiathis.com,Male
659,Melany,Dinse,mdinseia@abc.net.au,Female
660,Padraic,Gosney,pgosneyib@usda.gov,Male
661,Fielding,Pulsford,fpulsfordic@soundcloud.com,Male
662,Tabatha,Watt,twattid@vinaora.com,Female
663,Nicole,Poltone,npoltoneie@nba.com,Female
664,Maye,Szimon,mszimonif@tripadvisor.com,Genderfluid
665,Reagan,Upchurch,rupchurchig@cnn.com,Male
666,Felipa,Gillatt,fgillattih@yellowbook.com,Female
667,Julia,Seyler,jseylerii@ebay.co.uk,Female
668,Steffane,Benini,sbeniniij@netlog.com,Female
669,Lanna,Westbrook,lwestbrookik@altervista.org,Female
670,Fergus,Delph,fdelphil@cbc.ca,Male
671,Gerome,Sains,gsainsim@google.pl,Male
672,Tani,Filgate,tfilgatein@wired.com,Female
673,Earle,Howsin,ehowsinio@studiopress.com,Male
674,Granville,Pattlel,gpattlelip@miibeian.gov.cn,Male
675,Pris,Ambresin,pambresiniq@timesonline.co.uk,Female
676,Junie,Naulls,jnaullsir@nhs.uk,Female
677,Kinsley,Dench,kdenchis@xrea.com,Male
678,Gifford,Haworth,ghaworthit@guardian.co.uk,Male
679,Con,Alecock,calecockiu@nbcnews.com,Female
680,Archie,Gudgion,agudgioniv@ovh.net,Male
681,Jermaine,Oaten,joateniw@whitehouse.gov,Female
682,Ferrell,Geffinger,fgeffingerix@storify.com,Male
683,Elane,Noraway,enorawayiy@guardian.co.uk,Female
684,Brose,Murrell,bmurrelliz@sitemeter.com,Male
685,Amory,Kilfedder,akilfedderj0@boston.com,Male
686,Barret,Jansson,bjanssonj1@paginegialle.it,Genderfluid
687,Antone,Hinsche,ahinschej2@newsvine.com,Male
688,Rhianna,Brunelli,rbrunellij3@thetimes.co.uk,Female
689,Isidora,Haberfield,ihaberfieldj4@illinois.edu,Female
690,Rina,Sercombe,rsercombej5@hc360.com,Female
691,Dominga,Greenan,dgreenanj6@ehow.com,Female
692,Claribel,Clyma,cclymaj7@nymag.com,Female
693,Oralla,Fantini,ofantinij8@sakura.ne.jp,Female
694,Marjorie,Ure,murej9@ucoz.ru,Female
695,Brittne,Barczynski,bbarczynskija@godaddy.com,Female
696,Butch,Sebborn,bsebbornjb@wired.com,Male
697,Catriona,Rickards,crickardsjc@ning.com,Female
698,Miriam,Brasted,mbrastedjd@usnews.com,Female
699,Clarette,Addis,caddisje@uol.com.br,Female
700,Jeannine,Heindrich,jheindrichjf@wikipedia.org,Female
701,Cordula,Uzielli,cuziellijg@hubpages.com,Bigender
702,Israel,Nettles,inettlesjh@army.mil,Male
703,Sharron,Pabel,spabelji@state.gov,Female
704,Joletta,Fortoun,jfortounjj@yolasite.com,Female
705,Belicia,Ferrari,bferrarijk@answers.com,Female
706,Fin,Conrard,fconrardjl@drupal.org,Male
707,Mikel,Briscoe,mbriscoejm@bloomberg.com,Male
708,Ted,Paramore,tparamorejn@devhub.com,Genderqueer
709,Mikey,Weathey,mweatheyjo@yellowpages.com,Male
710,Brendon,Davis,bdavisjp@about.me,Male
711,Hanson,M'Quharg,hmquhargjq@wsj.com,Male
712,Janice,Carnaman,jcarnamanjr@house.gov,Female
713,Paten,Levane,plevanejs@hugedomains.com,Male
714,Caren,Oade,coadejt@tmall.com,Female
715,Maegan,Epinoy,mepinoyju@freewebs.com,Female
716,Berta,Carmichael,bcarmichaeljv@posterous.com,Female
717,Demetris,Esilmon,desilmonjw@wix.com,Female
718,Merry,Winman,mwinmanjx@mashable.com,Male
719,Anthiathia,Ayscough,aayscoughjy@addthis.com,Female
720,Olivier,Elstone,oelstonejz@irs.gov,Male
721,Benjamin,Yerrill,byerrillk0@moonfruit.com,Male
722,Kalinda,Pawel,kpawelk1@engadget.com,Female
723,Allis,Going,agoingk2@creativecommons.org,Female
724,Garry,De Michetti,gdemichettik3@cisco.com,Male
725,Clyve,Battershall,cbattershallk4@shinystat.com,Male
726,Buddie,Doone,bdoonek5@acquirethisname.com,Male
727,Alena,Scarlan,ascarlank6@sogou.com,Female
728,Ada,Baggaley,abaggaleyk7@dropbox.com,Female
729,Burg,M'Quharg,bmquhargk8@dell.com,Male
730,Harcourt,Benbough,hbenboughk9@latimes.com,Male
731,Solly,Zoephel,szoephelka@xing.com,Polygender
732,Cecilio,Staning,cstaningkb@desdev.cn,Male
733,Lela,Yakubovich,lyakubovichkc@360.cn,Female
734,Emyle,Crocumbe,ecrocumbekd@cnn.com,Genderfluid
735,Catharine,Cregin,ccreginke@dyndns.org,Female
736,Faun,Fries,ffrieskf@ucoz.ru,Female
737,Faythe,Skiggs,fskiggskg@ucoz.ru,Agender
738,Marice,Troman,mtromankh@google.com.br,Female
739,Dian,Perrot,dperrotki@rediff.com,Female
740,Denice,Yoxall,dyoxallkj@boston.com,Female
741,Kendal,Gaucher,kgaucherkk@hp.com,Agender
742,Bronson,Maleney,bmaleneykl@buzzfeed.com,Male
743,Nicki,MacCracken,nmaccrackenkm@prlog.org,Female
744,Gerrard,Lembke,glembkekn@issuu.com,Male
745,Angeline,Sayle,asayleko@huffingtonpost.com,Female
746,Dane,Hallmark,dhallmarkkp@businessinsider.com,Genderfluid
747,Thomasa,Eitter,teitterkq@phpbb.com,Female
748,Faith,Temlett,ftemlettkr@free.fr,Genderqueer
749,Brand,Maher,bmaherks@smh.com.au,Agender
750,Margery,Wardhough,mwardhoughkt@timesonline.co.uk,Female
751,Crissie,Doughartie,cdoughartieku@jalbum.net,Female
752,Briny,Gleaves,bgleaveskv@dot.gov,Female
753,Derwin,Poyntz,dpoyntzkw@rakuten.co.jp,Male
754,Bobbie,Neggrini,bneggrinikx@mozilla.com,Male
755,Quinlan,Summerton,qsummertonky@51.la,Genderfluid
756,Florrie,Rogan,frogankz@miibeian.gov.cn,Female
757,Lizbeth,McCrae,lmccrael0@umich.edu,Female
758,Robb,Buchett,rbuchettl1@nps.gov,Polygender
759,Noah,Reames,nreamesl2@cnet.com,Male
760,Deerdre,Gilliat,dgilliatl3@prlog.org,Female
761,Crysta,Tipler,ctiplerl4@state.tx.us,Female
762,Thoma,Prester,tpresterl5@yale.edu,Male
763,Kingston,Beadles,kbeadlesl6@ning.com,Male
764,Damian,Abramov,dabramovl7@netlog.com,Male
765,Dolf,Kirwan,dkirwanl8@google.co.jp,Genderqueer
766,Onfroi,Twidale,otwidalel9@ftc.gov,Male
767,Ario,Pikesley,apikesleyla@creativecommons.org,Male
768,Shelia,Dyde,sdydelb@techcrunch.com,Female
769,Jonas,Brunini,jbruninilc@symantec.com,Male
770,Nicola,Goody,ngoodyld@chron.com,Male
771,Beniamino,Girardin,bgirardinle@booking.com,Male
772,Gavra,Coot,gcootlf@youku.com,Female
773,Haroun,Haborn,hhabornlg@mozilla.org,Male
774,Robinson,Gyorffy,rgyorffylh@cpanel.net,Male
775,Sherwood,Gaish,sgaishli@csmonitor.com,Male
776,Gard,Filipovic,gfilipoviclj@accuweather.com,Male
777,Goddard,Tease,gteaselk@blog.com,Male
778,Jude,Younger,jyoungerll@abc.net.au,Male
779,Godfree,Gauthorpp,ggauthorpplm@wikimedia.org,Male
780,Kipper,Iiannoni,kiiannoniln@mtv.com,Male
781,Gui,Doud,gdoudlo@mashable.com,Female
782,Giralda,McCane,gmccanelp@businessinsider.com,Female
783,Wilbur,Aleksankin,waleksankinlq@arstechnica.com,Male
784,Roobbie,De Domenicis,rdedomenicislr@mayoclinic.com,Female
785,Kath,Braga,kbragals@github.io,Non-binary
786,Corney,Yakunin,cyakuninlt@meetup.com,Genderfluid
787,Yorker,Goghin,ygoghinlu@washington.edu,Male
788,Johann,Elvey,jelveylv@delicious.com,Male
789,Natassia,Aldrin,naldrinlw@e-recht24.de,Genderfluid
790,Bartholomeus,Parres,bparreslx@naver.com,Male
791,Kaylyn,Arnopp,karnopply@yellowbook.com,Female
792,Melantha,Duffill,mduffilllz@hatena.ne.jp,Female
793,Moria,Edy,medym0@devhub.com,Female
794,Jacky,Kamien,jkamienm1@geocities.com,Genderfluid
795,Pierson,Armytage,parmytagem2@rambler.ru,Male
796,Angelique,Glaves,aglavesm3@youtu.be,Female
797,Stanleigh,Grahlmans,sgrahlmansm4@imdb.com,Male
798,Morton,Papaminas,mpapaminasm5@ebay.co.uk,Genderfluid
799,Freida,Weekland,fweeklandm6@gov.uk,Genderfluid
800,Ronica,Bardsley,rbardsleym7@angelfire.com,Female
801,Alexa,Albasini,aalbasinim8@phoca.cz,Agender
802,Adolpho,Storm,astormm9@amazon.co.jp,Male
803,Ardra,Durtnall,adurtnallma@google.ca,Non-binary
804,Arnold,Woodley,awoodleymb@arizona.edu,Male
805,Ardine,Revill,arevillmc@furl.net,Female
806,Rozella,Bischof,rbischofmd@nytimes.com,Female
807,Isaak,Neising,ineisingme@ebay.com,Male
808,Agna,Apfelmann,aapfelmannmf@people.com.cn,Female
809,Aggi,Nunes Nabarro,anunesnabarromg@lycos.com,Female
810,Cammie,O'Rourke,corourkemh@guardian.co.uk,Female
811,Sileas,Janczak,sjanczakmi@alexa.com,Female
812,Emmanuel,Pally,epallymj@nhs.uk,Male
813,Darcy,Boyack,dboyackmk@clickbank.net,Male
814,Vince,Badman,vbadmanml@cloudflare.com,Male
815,Miguel,Mousley,mmousleymm@oracle.com,Male
816,Joshia,Iredell,jiredellmn@hexun.com,Male
817,Ibby,Dybald,idybaldmo@nbcnews.com,Female
818,Jacob,Isles,jislesmp@va.gov,Male
819,Abbi,Ledgeway,aledgewaymq@flickr.com,Female
820,Aidan,Petriello,apetriellomr@blogger.com,Female
821,Vevay,Izon,vizonms@wix.com,Female
822,Stesha,Oddboy,soddboymt@arizona.edu,Female
823,Frieda,Camplen,fcamplenmu@about.me,Female
824,Elsie,Gelderd,egelderdmv@goo.ne.jp,Female
825,Giulietta,Castellanos,gcastellanosmw@nydailynews.com,Female
826,Angil,Broszkiewicz,abroszkiewiczmx@deliciousdays.com,Female
827,Christoffer,Maplestone,cmaplestonemy@lycos.com,Male
828,Marrilee,Dowsey,mdowseymz@privacy.gov.au,Female
829,Paulina,Amos,pamosn0@shutterfly.com,Genderqueer
830,Braden,Swatman,bswatmann1@prlog.org,Male
831,Dalenna,Preble,dpreblen2@indiegogo.com,Female
832,Silvester,Glaum,sglaumn3@house.gov,Male
833,Berkly,Scorer,bscorern4@ucoz.com,Male
834,Rosalinda,Clutten,rcluttenn5@naver.com,Female
835,Gauthier,Pybus,gpybusn6@ehow.com,Male
836,Wilhelmina,Arnal,warnaln7@businessweek.com,Female
837,Artemus,Goves,agovesn8@cbc.ca,Bigender
838,Massimo,Melsom,mmelsomn9@twitpic.com,Male
839,Luella,Shapira,lshapirana@newsvine.com,Female
840,Rockie,Middleton,rmiddletonnb@shinystat.com,Male
841,Kristel,Fysh,kfyshnc@goodreads.com,Female
842,Olimpia,Mathieson,omathiesonnd@squidoo.com,Female
843,Brandais,Inkle,binklene@plala.or.jp,Female
844,Mohandas,Priver,mprivernf@globo.com,Male
845,Claus,Spaven,cspavenng@jigsy.com,Male
846,Aubert,Dowglass,adowglassnh@admin.ch,Male
847,Dare,Lawlor,dlawlorni@netvibes.com,Male
848,Bobbie,Caddens,bcaddensnj@xing.com,Male
849,Alayne,Eite,aeitenk@symantec.com,Female
850,Nellie,Hugnet,nhugnetnl@rediff.com,Female
851,Tulley,Pennetta,tpennettanm@irs.gov,Male
852,Wash,Sparrowhawk,wsparrowhawknn@arizona.edu,Male
853,Wally,Orchart,worchartno@tinypic.com,Male
854,Hendrik,Batstone,hbatstonenp@mlb.com,Male
855,Idette,Loughran,iloughrannq@marriott.com,Female
856,Milli,Ashby,mashbynr@w3.org,Female
857,Corty,Rosenzveig,crosenzveigns@discovery.com,Male
858,Devora,Chafer,dchafernt@businesswire.com,Female
859,Elayne,Swett,eswettnu@parallels.com,Genderqueer
860,Judie,Thacker,jthackernv@cdc.gov,Polygender
861,Ramsey,Storms,rstormsnw@networkadvertising.org,Male
862,Ulrika,Bermingham,uberminghamnx@yahoo.com,Genderqueer
863,Vinny,Everitt,veverittny@geocities.com,Female
864,Florry,McTrustie,fmctrustienz@pcworld.com,Female
865,Desdemona,Bragg,dbraggo0@admin.ch,Female
866,Robbyn,Dower,rdowero1@google.co.jp,Female
867,Edvard,Cabell,ecabello2@simplemachines.org,Male
868,Cassie,Lagadu,clagaduo3@prnewswire.com,Male
869,Konstantin,Gambrell,kgambrello4@acquirethisname.com,Male
870,Archibaldo,De Launde,adelaundeo5@facebook.com,Male
871,Ruggiero,Grgic,rgrgico6@cargocollective.com,Male
872,Max,Mellish,mmellisho7@delicious.com,Male
873,Charmion,Laurant,clauranto8@reference.com,Female
874,Archibaldo,Mulhall,amulhallo9@mac.com,Polygender
875,Leon,Brodley,lbrodleyoa@senate.gov,Male
876,Sydney,McMains,smcmainsob@xrea.com,Male
877,Madge,Dallow,mdallowoc@smugmug.com,Female
878,Constance,Durand,cdurandod@dropbox.com,Female
879,Aurie,Harbinson,aharbinsonoe@tripadvisor.com,Female
880,Frederic,Haville,fhavilleof@deliciousdays.com,Male
881,Walton,Kosiada,wkosiadaog@dagondesign.com,Male
882,Emilio,Doghartie,edoghartieoh@disqus.com,Male
883,Tate,Trinbey,ttrinbeyoi@vinaora.com,Female
884,Xavier,Stobo,xstobooj@netscape.com,Non-binary
885,Irita,Davidwitz,idavidwitzok@ucla.edu,Female
886,Findlay,Harrild,fharrildol@artisteer.com,Male
887,Dorita,Erbe,derbeom@microsoft.com,Female
888,Rozele,Gaven,rgavenon@liveinternet.ru,Female
889,Kalli,Pavkovic,kpavkovicoo@biblegateway.com,Female
890,Lemmie,Karpman,lkarpmanop@abc.net.au,Male
891,Axe,Owenson,aowensonoq@geocities.com,Male
892,Dierdre,Stickles,dsticklesor@illinois.edu,Genderfluid
893,Bendick,Squires,bsquiresos@stanford.edu,Male
894,Laryssa,Oakey,loakeyot@businessweek.com,Female
895,Jonell,Aizkovitch,jaizkovitchou@hatena.ne.jp,Female
896,Barbe,Seabridge,bseabridgeov@360.cn,Female
897,Osborn,Duffett,oduffettow@storify.com,Male
898,Paulina,Graddell,pgraddellox@blogger.com,Female
899,Gustave,Courteney,gcourteneyoy@netvibes.com,Male
900,Giana,Kleinsinger,gkleinsingeroz@hud.gov,Female
901,Donalt,Breton,dbretonp0@webnode.com,Polygender
902,Shawn,Giannasi,sgiannasip1@4shared.com,Male
903,Rosanne,Spriddle,rspriddlep2@mtv.com,Female
904,Alfie,Bertwistle,abertwistlep3@weather.com,Male
905,Pauline,Kybert,pkybertp4@theglobeandmail.com,Female
906,Glyn,Buney,gbuneyp5@yahoo.co.jp,Female
907,Evan,Glavias,eglaviasp6@unc.edu,Male
908,Nichole,Kinge,nkingep7@odnoklassniki.ru,Genderqueer
909,Marion,Warriner,mwarrinerp8@huffingtonpost.com,Male
910,Rowena,Lightwing,rlightwingp9@networkadvertising.org,Female
911,Finley,Minall,fminallpa@github.com,Male
912,Dov,Clendinning,dclendinningpb@nyu.edu,Male
913,Gan,Lardeux,glardeuxpc@answers.com,Male
914,Laurence,Di Maria,ldimariapd@foxnews.com,Male
915,Conrad,Dorrell,cdorrellpe@oaic.gov.au,Male
916,Bertine,Kennealy,bkennealypf@qq.com,Female
917,Chastity,Fotheringham,cfotheringhampg@chron.com,Agender
918,Dyane,MacArd,dmacardph@rediff.com,Female
919,Ray,Roll,rrollpi@purevolume.com,Female
920,Brenden,Ties,btiespj@nydailynews.com,Male
921,Crosby,Fraczkiewicz,cfraczkiewiczpk@acquirethisname.com,Male
922,Woodrow,Kiraly,wkiralypl@mlb.com,Male
923,Berton,Shemmin,bshemminpm@chicagotribune.com,Male
924,Kipper,Rolph,krolphpn@ustream.tv,Male
925,Trenton,Heathcoat,theathcoatpo@spotify.com,Male
926,Bendix,Andriolli,bandriollipp@hud.gov,Non-binary
927,Petrina,Berndtsson,pberndtssonpq@noaa.gov,Female
928,Abe,Maruska,amaruskapr@domainmarket.com,Male
929,Kinsley,Peddersen,kpeddersenps@fda.gov,Male
930,Alvie,Strawbridge,astrawbridgept@marketwatch.com,Male
931,Milton,Tyres,mtyrespu@qq.com,Male
932,Adoree,Devons,adevonspv@naver.com,Female
933,Catrina,Pyrke,cpyrkepw@ihg.com,Female
934,Blakeley,Mosedall,bmosedallpx@washingtonpost.com,Female
935,Hubey,de Mullett,hdemullettpy@nydailynews.com,Male
936,Elsworth,Jonuzi,ejonuzipz@sohu.com,Male
937,Gerry,Ivanov,givanovq0@slideshare.net,Male
938,Rem,Remmers,rremmersq1@sciencedaily.com,Male
939,Lon,Gallamore,lgallamoreq2@wunderground.com,Male
940,Cornelia,Spino,cspinoq3@zdnet.com,Female
941,Lars,Erett,lerettq4@walmart.com,Male
942,Tatiania,Wivell,twivellq5@1und1.de,Female
943,Ephrayim,Fieller,efiellerq6@so-net.ne.jp,Male
944,Massimiliano,Ivain,mivainq7@economist.com,Male
945,Nikita,Gudgeon,ngudgeonq8@scribd.com,Male
946,Arline,Belison,abelisonq9@com.com,Female
947,Oralle,Babinski,obabinskiqa@eventbrite.com,Female
948,Normie,Prendergrass,nprendergrassqb@fc2.com,Male
949,Hetty,Stillert,hstillertqc@csmonitor.com,Female
950,Farly,Rotherham,frotherhamqd@samsung.com,Male
951,Anett,O'Neal,aonealqe@pinterest.com,Female
952,Leonhard,Alenichev,lalenichevqf@yolasite.com,Male
953,Zorine,Asprey,zaspreyqg@usda.gov,Female
954,Ulberto,Riping,uripingqh@soup.io,Male
955,Reeba,Carcass,rcarcassqi@wufoo.com,Female
956,Bendicty,Jaulme,bjaulmeqj@fda.gov,Male
957,Anderea,Soltan,asoltanqk@hc360.com,Female
958,Opaline,Vickers,ovickersql@ed.gov,Female
959,Hally,Siegertsz,hsiegertszqm@usnews.com,Genderqueer
960,Christopher,Gutans,cgutansqn@pinterest.com,Agender
961,Ignacius,Schenfisch,ischenfischqo@yolasite.com,Male
962,Meredith,Swapp,mswappqp@indiegogo.com,Female
963,Constance,Bliven,cblivenqq@tripadvisor.com,Female
964,Andy,Lawland,alawlandqr@bbc.co.uk,Male
965,Artemis,Stedmond,astedmondqs@google.com,Male
966,Latrina,Muckian,lmuckianqt@sun.com,Female
967,Elianore,Funnell,efunnellqu@businesswire.com,Female
968,Dagny,Bocken,dbockenqv@mozilla.org,Male
969,Frannie,Beccera,fbecceraqw@cdc.gov,Female
970,Tremaine,Vowdon,tvowdonqx@uol.com.br,Male
971,Stillman,Prout,sproutqy@yellowbook.com,Male
972,Rosalynd,Dundon,rdundonqz@abc.net.au,Female
973,Gusti,Moulsdall,gmoulsdallr0@mayoclinic.com,Female
974,Evey,Stoffers,estoffersr1@sbwire.com,Female
975,Nicolle,McLeoid,nmcleoidr2@woothemes.com,Female
976,Pascal,Lepick,plepickr3@wiley.com,Male
977,Blaire,Duran,bduranr4@youtube.com,Female
978,Debora,Lamplugh,dlamplughr5@samsung.com,Female
979,Norbert,MacNeish,nmacneishr6@cpanel.net,Male
980,Hershel,Lundy,hlundyr7@archive.org,Male
981,Byrom,Klimentov,bklimentovr8@huffingtonpost.com,Male
982,Gabriela,Chellenham,gchellenhamr9@i2i.jp,Female
983,Kaile,Clitsome,kclitsomera@sogou.com,Female
984,Lexy,Yurygyn,lyurygynrb@macromedia.com,Female
985,Jeno,Linton,jlintonrc@theatlantic.com,Genderfluid
986,Mill,Ferrick,mferrickrd@netscape.com,Male
987,Lauryn,Bale,lbalere@myspace.com,Polygender
988,Gerard,Wait,gwaitrf@un.org,Male
989,Libby,Hauger,lhaugerrg@si.edu,Female
990,Svend,Rozier,srozierrh@tumblr.com,Male
991,Barbaraanne,Grange,bgrangeri@hao123.com,Female
992,Dodi,Reynard,dreynardrj@ted.com,Female
993,Leilah,Attoc,lattocrk@google.co.jp,Female
994,Jeanette,Levecque,jlevecquerl@networksolutions.com,Female
995,Rich,Yokelman,ryokelmanrm@exblog.jp,Male
996,Vonny,Gislebert,vgislebertrn@freewebs.com,Female
997,Theda,Jerome,tjeromero@a8.net,Female
998,Kathleen,Zamudio,kzamudiorp@cnbc.com,Female
999,Corabel,Braywood,cbraywoodrq@g.co,Female
1000,Shaine,Messenbird,smessenbirdrr@google.co.uk,Male
